prefecture,city,ward,population
Hokkaido,Sapporo,"",1936016
Hokkaido,Sapporo,Chuo-ku,226964
Hokkaido,Sapporo,Kita-ku,282391
Hokkaido,Sapporo,Higashi-ku,258390
Hokkaido,Sapporo,Shiroishi-ku,210000
Hokkaido,Sapporo,Toyohira-ku,218120
Hokkaido,Sapporo,Minami-ku,141745
Hokkaido,Sapporo,Nishi-ku,212284
Hokkaido,Sapporo,Atsubetsu-ku,129494
Hokkaido,Sapporo,Teine-ku,141284
Hokkaido,Sapporo,Kiyota-ku,115344
Hokkaido,Hakodate,"",271479
Hokkaido,Otaru,"",125028
Hokkaido,Asahikawa,"",347207
Hokkaido,Muroran,"",89799
Hokkaido,Kushiro,"",178394
Hokkaido,Obihiro,"",168753
Hokkaido,Kitami,"",122198
Hokkaido,Yubari,"",9440
Hokkaido,Iwamizawa,"",86054
Hokkaido,Abashiri,"",37740
Hokkaido,Rumoi,"",22957
Hokkaido,Tomakomai,"",174064
Hokkaido,Wakkanai,"",36827
Hokkaido,Bibai,"",23984
Hokkaido,Ashibetsu,"",15404
Hokkaido,Ebetsu,"",120225
Hokkaido,Akabira,"",11383
Hokkaido,Mombetsu,"",23644
Hokkaido,Shibetsu,"",20676
Hokkaido,Nayoro,"",29099
Hokkaido,Mikasa,"",9519
Hokkaido,Nemuro,"",28050
Hokkaido,Chitose,"",95532
Hokkaido,Takikawa,"",41924
Hokkaido,Sunagawa,"",18112
Hokkaido,Utashinai,"",3833
Hokkaido,Fukagawa,"",22278
Hokkaido,Furano,"",23324
Hokkaido,Noboribetsu,"",50571
Hokkaido,Eniwa,"",68956
Hokkaido,Date,"",35802
Hokkaido,Kitahiroshima,"",59629
Hokkaido,Ishikari,"",59362
Hokkaido,Hokuto,"",47967
"",Hokuto,"",""
Aomori-ken,Aomori,"",295898
Aomori-ken,Hirosaki,"",178886
Aomori-ken,Hachinohe,"",237550
Aomori-ken,Kuroishi,"",35399
Aomori-ken,Goshogawara,"",58109
Aomori-ken,Towada,"",64041
Aomori-ken,Misawa,"",41486
Aomori-ken,Mutsu,"",61568
Aomori-ken,Tsugaru,"",35036
Aomori-ken,Hirakawa,"",32828
"",Hirakawa,"",""
Iwate-ken,Morioka,"",295170
Iwate-ken,Miyako,"",56795
Iwate-ken,Ofunato,"",38896
Iwate-ken,Hanamaki,"",99773
Iwate-ken,Kitakami,"",93769
Iwate-ken,Kuji,"",37103
Iwate-ken,Tono,"",29107
Iwate-ken,Ichinoseki,"",124344
Iwate-ken,Rikuzentakata,"",20392
Iwate-ken,Kamaishi,"",36425
Iwate-ken,Ninohe,"",28943
Iwate-ken,Hachimantai,"",27647
Iwate-ken,Oshu,"",122421
Iwate-ken,Takizawa,"",55178
"",Takizawa,"",""
Miyagi-ken,Sendai,"",1053509
Miyagi-ken,Sendai,Aoba-ku,291285
Miyagi-ken,Sendai,Miyagino-ku,188194
Miyagi-ken,Sendai,Wakabayashi-ku,130888
Miyagi-ken,Sendai,Taihaku-ku,226003
Miyagi-ken,Sendai,Izumi-ku,217139
Miyagi-ken,Ishinomaki,"",149874
Miyagi-ken,Shiogama,"",56002
Miyagi-ken,Kesennuma,"",67657
Miyagi-ken,Shiroishi,"",36124
Miyagi-ken,Natori,"",76107
Miyagi-ken,Kakuda,"",30753
Miyagi-ken,Tagajo,"",62437
Miyagi-ken,Iwanuma,"",44071
Miyagi-ken,Tome,"",83763
Miyagi-ken,Kurihara,"",72721
Miyagi-ken,Higashimatsushima,"",40201
Miyagi-ken,Osaki,"",134760
"",Osaki,"",""
Akita-ken,Akita,"",319084
Akita-ken,Noshiro,"",56991
Akita-ken,Yokote,"",95939
Akita-ken,Odate,"",76769
Akita-ken,Oga,"",30239
Akita-ken,Yuzawa,"",48956
Akita-ken,Kazuno,"",33293
Akita-ken,Yurihonjo,"",81961
Akita-ken,Katagami,"",33928
Akita-ken,Daisen,"",86644
Akita-ken,Kitaakita,"",34807
Akita-ken,Nikaho,"",26455
Akita-ken,Semboku,"",28604
"",Semboku,"",""
Yamagata-ken,Yamagata,"",250573
Yamagata-ken,Yonezawa,"",84945
Yamagata-ken,Tsuruoka,"",133153
Yamagata-ken,Sakata,"",108098
Yamagata-ken,Shinjo,"",37725
Yamagata-ken,Sagae,"",42312
Yamagata-ken,Kaminoyama,"",32290
Yamagata-ken,Murayama,"",26005
Yamagata-ken,Nagai,"",28271
Yamagata-ken,Tendo,"",62171
Yamagata-ken,Higashine,"",47797
Yamagata-ken,Obanazawa,"",17762
Yamagata-ken,Nanyo,"",32959
"",Nanyo,"",""
Fukushima-ken,Fukushima,"",284948
Fukushima-ken,Aizuwakamatsu,"",123790
Fukushima-ken,Koriyama,"",326808
Fukushima-ken,Iwaki,"",333802
Fukushima-ken,Shirakawa,"",63186
Fukushima-ken,Sukagawa,"",78299
Fukushima-ken,Kitakata,"",50829
Fukushima-ken,Soma,"",35985
Fukushima-ken,Nihonmatsu,"",57673
Fukushima-ken,Tamura,"",39484
Fukushima-ken,Minamisoma,"",64539
Fukushima-ken,Date,"",63755
Fukushima-ken,Motomiya,"",30857
"",Motomiya,"",""
Ibaraki-ken,Mito,"",273046
Ibaraki-ken,Hitachi,"",188938
Ibaraki-ken,Tsuchiura,"",144927
Ibaraki-ken,Koga,"",145214
Ibaraki-ken,Ishioka,"",78221
Ibaraki-ken,Yuki,"",52830
Ibaraki-ken,Ryugasaki,"",79125
Ibaraki-ken,Shimotsuma,"",45001
Ibaraki-ken,Joso,"",65370
Ibaraki-ken,Hitachiota,"",55495
Ibaraki-ken,Takahagi,"",30421
Ibaraki-ken,Kitaibaraki,"",45942
Ibaraki-ken,Kasama,"",78557
Ibaraki-ken,Toride,"",109348
Ibaraki-ken,Ushiku,"",84378
Ibaraki-ken,Tsukuba,"",220622
Ibaraki-ken,Hitachinaka,"",159480
Ibaraki-ken,kashima,"",68142
Ibaraki-ken,Itako,"",29441
Ibaraki-ken,Moriya,"",64894
Ibaraki-ken,Hitachiomiya,"",44708
Ibaraki-ken,Naka,"",55779
Ibaraki-ken,Chikusei,"",108789
Ibaraki-ken,Bando,"",56429
Ibaraki-ken,Inashiki,"",44242
Ibaraki-ken,Kasumigaura,"",43575
Ibaraki-ken,Sakuragawa,"",45039
Ibaraki-ken,Kamisu,"",94520
Ibaraki-ken,Namegata,"",37299
Ibaraki-ken,Hokota,"",50789
Ibaraki-ken,Tsukubamirai,"",49024
Ibaraki-ken,Omitama,"",52896
"",Omitama,"",""
Tochigi-ken,Utsunomiya,"",520462
Tochigi-ken,Ashikaga,"",153178
Tochigi-ken,Tochigi,"",164066
Tochigi-ken,Sano,"",121966
Tochigi-ken,Kanuma,"",100716
Tochigi-ken,Nikko,"",87116
Tochigi-ken,Oyama,"",165842
Tochigi-ken,Moka,"",81311
Tochigi-ken,Ohtawara,"",73284
Tochigi-ken,Yaita,"",34114
Tochigi-ken,Nasushiobara,"",118516
Tochigi-ken,Sakura,"",44362
Tochigi-ken,Nasukarasuyama,"",28509
Tochigi-ken,Shimotsuke,"",60235
"",Shimotsuke,"",""
Gumma-ken,Maebashi,"",339956
Gumma-ken,Ako,"",49944
Gumma-ken,Takasaki,"",375341
Gumma-ken,Kiryu,"",118525
Gumma-ken,Isesaki,"",211297
Gumma-ken,Ota,"",222130
Gumma-ken,Numata,"",50879
Gumma-ken,Tatebayashi,"",78086
Gumma-ken,Shibukawa,"",81609
Gumma-ken,Fujioka,"",67936
Gumma-ken,Tomioka,"",50899
Gumma-ken,Annaka,"",61031
Gumma-ken,Midori,"",51887
Saitama-ken,Saitama,"",1260879
Saitama-ken,Saitama,Nishi-ku,86386
Saitama-ken,Saitama,Kita-ku,145204
Saitama-ken,Saitama,Omiya-ku,114112
Saitama-ken,Saitama,Minuma-ku,160501
Saitama-ken,Saitama,Chuo-ku,98239
Saitama-ken,Saitama,Sakura-ku,95584
Saitama-ken,Saitama,Urawa-ku,153141
Saitama-ken,Saitama,Minami-ku,178712
Saitama-ken,Saitama,Midori-ku,117843
Saitama-ken,Saitama,Iwatsuki-ku,111157
Saitama-ken,Kawagoe,"",349378
Saitama-ken,Kumagaya,"",201627
Saitama-ken,Kawaguchi,"",589205
Saitama-ken,Gyoda,"",84363
Saitama-ken,Chichibu,"",66073
Saitama-ken,Tokorozawa,"",343083
Saitama-ken,Hanno,"",80823
Saitama-ken,Kazo,"",114963
Saitama-ken,Honjo,"",79464
Saitama-ken,Higashimatsuyama,"",89402
Saitama-ken,Kasukabe,"",237723
Saitama-ken,Sayama,"",154288
Saitama-ken,Hanyu,"",55886
Saitama-ken,Konosu,"",119301
Saitama-ken,Fukaya,"",145695
Saitama-ken,Ageo,"",227897
Saitama-ken,Soka,"",245389
Saitama-ken,Koshigaya,"",333736
Saitama-ken,Warabi,"",72317
Saitama-ken,Toda,"",132880
Saitama-ken,Iruma,"",149952
Saitama-ken,Asaka,"",134132
Saitama-ken,Shiki,"",73443
Saitama-ken,Wako,"",79992
Saitama-ken,Niiza,"",163153
Saitama-ken,Okegawa,"",75207
Saitama-ken,Kuki,"",154694
Saitama-ken,Kitamoto,"",68657
Saitama-ken,Yashio,"",85572
Saitama-ken,Fujimi,"",109164
Saitama-ken,Misato,"",136798
Saitama-ken,Hasuda,"",62773
Saitama-ken,Sakado,"",101219
Saitama-ken,Satte,"",53096
Saitama-ken,Tsurugashima,"",70184
Saitama-ken,Hidaka,"",57249
Saitama-ken,Yoshikawa,"",69871
Saitama-ken,Fujimino,"",111920
Saitama-ken,Shiraoka,"",51688
"",Shiraoka,"",""
Chiba-ken,Chiba,"",962376
Chiba-ken,Chiba,Chuo-ku,201427
Chiba-ken,Chiba,Hanamigawa-ku,178030
Chiba-ken,Chiba,Inage-ku,156455
Chiba-ken,Chiba,Wakaba-ku,150616
Chiba-ken,Chiba,Midori-ku,126752
Chiba-ken,Chiba,Mihama-ku,149096
Chiba-ken,Choshi,"",66882
Chiba-ken,Ichikawa,"",472757
Chiba-ken,Funabashi,"",622988
Chiba-ken,Tateyama,"",48749
Chiba-ken,Kisarazu,"",133064
Chiba-ken,Matsudo,"",487376
Chiba-ken,Noda,"",155900
Chiba-ken,Mobara,"",91855
Chiba-ken,Narita,"",131418
Chiba-ken,Sakura,"",177601
Chiba-ken,Togane,"",60424
Chiba-ken,Asahi,"",68020
Chiba-ken,Narashino,"",166523
Chiba-ken,Kashiwa,"",406281
Chiba-ken,Katsuura,"",19583
Chiba-ken,Ichihara,"",280340
Chiba-ken,Nagareyama,"",172659
Chiba-ken,Yachiyo,"",194101
Chiba-ken,Abiko,"",133216
Chiba-ken,Kamogawa,"",34881
Chiba-ken,Kamagaya,"",109562
Chiba-ken,Kimitsu,"",88126
Chiba-ken,Futtsu,"",47108
Chiba-ken,Urayasu,"",162914
Chiba-ken,Yotsukaido,"",91340
Chiba-ken,Sodegaura,"",62022
Chiba-ken,Yachimata,"",73449
Chiba-ken,Inzai,"",93722
Chiba-ken,Shiroi,"",62761
Chiba-ken,Tomisato,"",49972
Chiba-ken,Minamiboso,"",41034
Chiba-ken,Sosa,"",38755
Chiba-ken,Katori,"",81065
Chiba-ken,Sammu,"",54904
Chiba-ken,Isumi,"",40502
Chiba-ken,Oamishirasato,"",50714
"",Oamishirasato,"",""
Tokyo-to,Ku-area,"",9102598
Tokyo-to,Ku-area,Chiyoda-ku,56873
Tokyo-to,Ku-area,Chuo-ku,138088
Tokyo-to,Ku-area,Minato-ku,240585
Tokyo-to,Ku-area,Shinjuku-ku,327712
Tokyo-to,Ku-area,Bunkyo-ku,207413
Tokyo-to,Ku-area,Taito-ku,189795
Tokyo-to,Ku-area,Sumida-ku,258423
Tokyo-to,Ku-area,Koto-ku,493952
Tokyo-to,Ku-area,Shinagawa-ku,372077
Tokyo-to,Ku-area,Meguro-ku,269689
Tokyo-to,Ku-area,Ota-ku,707455
Tokyo-to,Ku-area,Setagaya-ku,874332
Tokyo-to,Ku-area,Shibuya-ku,217008
Tokyo-to,Ku-area,Nakano-ku,316625
Tokyo-to,Ku-area,Suginami-ku,547165
Tokyo-to,Ku-area,Toshima-ku,275507
Tokyo-to,Ku-area,Kita-ku,338084
Tokyo-to,Ku-area,Arakawa-ku,209087
Tokyo-to,Ku-area,Itabashi-ku,544172
Tokyo-to,Ku-area,Nerima-ku,714656
Tokyo-to,Ku-area,Adachi-ku,674111
Tokyo-to,Ku-area,Katsushika-ku,449527
Tokyo-to,Ku-area,Edogawa-ku,680262
Tokyo-to,Hachioji,"",562572
Tokyo-to,Tachikawa,"",179090
Tokyo-to,Musashino,"",142138
Tokyo-to,Mitaka,"",182092
Tokyo-to,Ome,"",137052
Tokyo-to,Fuchu,"",254551
Tokyo-to,Akishima,"",112727
Tokyo-to,Chofu,"",224191
Tokyo-to,Machida,"",426648
Tokyo-to,Koganei,"",117427
Tokyo-to,Kodaira,"",186958
Tokyo-to,Hino,"",180975
Tokyo-to,Higashimurayama,"",151412
Tokyo-to,Kokubunji,"",119379
Tokyo-to,Kunitachi,"",74558
Tokyo-to,Fussa,"",58553
Tokyo-to,Komae,"",79096
Tokyo-to,Higashiyamato,"",86162
Tokyo-to,Kiyose,"",74374
Tokyo-to,Higashikurume,"",116494
Tokyo-to,Musashimurayama,"",72092
Tokyo-to,Tama,"",147486
Tokyo-to,Inagi,"",86594
Tokyo-to,Hamura,"",56604
Tokyo-to,Akiruno,"",81697
Tokyo-to,Nishitokyo,"",198267
"",Nishitokyo,"",""
Kanagawa-ken,Yokohama,"",3722250
Kanagawa-ken,Yokohama,Tsurumi-ku,285865
Kanagawa-ken,Yokohama,Kanagawa-ku,232178
Kanagawa-ken,Yokohama,Nishi-ku,97533
Kanagawa-ken,Yokohama,Naka-ku,149691
Kanagawa-ken,Yokohama,Minami-ku,198894
Kanagawa-ken,Yokohama,Hodogaya-ku,204354
Kanagawa-ken,Yokohama,Isogo-ku,166263
Kanagawa-ken,Yokohama,Kanazawa-ku,203406
Kanagawa-ken,Yokohama,Kohoku-ku,336942
Kanagawa-ken,Yokohama,Totsuka-ku,275856
Kanagawa-ken,Yokohama,Konan-ku,217823
Kanagawa-ken,Yokohama,Asahi-ku,249908
Kanagawa-ken,Yokohama,Midori-ku,178888
Kanagawa-ken,Yokohama,Seya-ku,126580
Kanagawa-ken,Yokohama,Sakae-ku,123956
Kanagawa-ken,Yokohama,Izumi-ku,155825
Kanagawa-ken,Yokohama,Aoba-ku,307497
Kanagawa-ken,Yokohama,Tsuzuki-ku,210791
Kanagawa-ken,Kawasaki,"",1445484
Kanagawa-ken,Kawasaki,Kawasaki-ku,222865
Kanagawa-ken,Kawasaki,Saiwai-ku,159434
Kanagawa-ken,Kawasaki,Nakahara-ku,240075
Kanagawa-ken,Kawasaki,Takatsu-ku,221567
Kanagawa-ken,Kawasaki,Tama-ku,204350
Kanagawa-ken,Kawasaki,Miyamae-ku,224570
Kanagawa-ken,Kawasaki,Asao-ku,172623
Kanagawa-ken,Sagamihara,"",715145
Kanagawa-ken,Sagamihara,Midori-ku,173514
Kanagawa-ken,Sagamihara,Chuo-ku,268209
Kanagawa-ken,Sagamihara,Minami-ku,273422
Kanagawa-ken,Yokosuka,"",418277
Kanagawa-ken,Hiratsuka,"",258065
Kanagawa-ken,Kamakura,"",177458
Kanagawa-ken,Fujisawa,"",423246
Kanagawa-ken,Odawara,"",195353
Kanagawa-ken,Chigasaki,"",240428
Kanagawa-ken,Zushi,"",60070
Kanagawa-ken,Miura,"",46520
Kanagawa-ken,Hadano,"",164366
Kanagawa-ken,Atsugi,"",225342
Kanagawa-ken,Yamato,"",233586
Kanagawa-ken,Isehara,"",99539
Kanagawa-ken,Ebina,"",130077
Kanagawa-ken,Zama,"",129767
Kanagawa-ken,Minamiashigara,"",44036
Kanagawa-ken,Ayase,"",85414
"",Ayase,"",""
Niigata-ken,Niigata,"",804413
Niigata-ken,Niigata,Kita-ku,76686
Niigata-ken,Niigata,Higashi-ku,139070
Niigata-ken,Niigata,Chuo-ku,176730
Niigata-ken,Niigata,Konan-ku,69315
Niigata-ken,Niigata,Akiha-ku,78131
Niigata-ken,Niigata,Minami-ku,46511
Niigata-ken,Niigata,Nishi-ku,157974
Niigata-ken,Niigata,Nishikan-ku,59996
Niigata-ken,Nagaoka,"",278923
Niigata-ken,Sanjo,"",101775
Niigata-ken,Kashiwazaki,"",88282
Niigata-ken,Shibata,"",101037
Niigata-ken,Ojiya,"",37620
Niigata-ken,Kamo,"",29216
Niigata-ken,Tokamachi,"",57164
Niigata-ken,Mitsuke,"",41767
Niigata-ken,Murakami,"",64617
Niigata-ken,Tsubame,"",82248
Niigata-ken,Itoigawa,"",45843
Niigata-ken,Myoko,"",34577
Niigata-ken,Gosen,"",53456
Niigata-ken,Joetsu,"",200179
Niigata-ken,Agano,"",44756
Niigata-ken,Sado,"",59606
Niigata-ken,Uonuma,"",38914
Niigata-ken,Minamiuonuma,"",59636
Niigata-ken,Tainai,"",30827
"",Tainai,"",""
Toyama-ken,Toyama,"",419849
Toyama-ken,Takaoka,"",175719
Toyama-ken,Uozu,"",43555
Toyama-ken,Himi,"",50599
Toyama-ken,Namerikawa,"",33681
Toyama-ken,Kurobe,"",42108
Toyama-ken,Tonami,"",49406
Toyama-ken,Oyabe,"",31303
Toyama-ken,Nanto,"",53795
Toyama-ken,Imizu,"",94701
"",Imizu,"",""
Ishikawa-ken,Kanazawa,"",453081
Ishikawa-ken,Nanao,"",56195
Ishikawa-ken,Komatsu,"",108823
Ishikawa-ken,Wajima,"",29411
Ishikawa-ken,Suzu,"",15951
Ishikawa-ken,Kaga,"",70273
Ishikawa-ken,Hakui,"",22831
Ishikawa-ken,Kahoku,"",35030
Ishikawa-ken,Hakusan,"",112692
Ishikawa-ken,Nomi,"",49818
Ishikawa-ken,Nonoichi,"",51126
"",Nonoichi,"",""
Fukui-ken,Fukui,"",267355
Fukui-ken,Tsuruga,"",67835
Fukui-ken,Obama,"",30590
Fukui-ken,Ono,"",35251
Fukui-ken,Katsuyama,"",24880
Fukui-ken,Sabae,"",68963
Fukui-ken,Awara,"",29359
Fukui-ken,Awara,Echizen,83767
Fukui-ken,Sakai,"",93531
"",Sakai,"",""
Yamanashi-ken,Kofu,"",193570
Yamanashi-ken,Fujiyoshida,"",50891
Yamanashi-ken,Tsuru,"",31781
Yamanashi-ken,Yamanashi,"",36717
Yamanashi-ken,Otsuki,"",26496
Yamanashi-ken,Nirasaki,"",30752
Yamanashi-ken,Minamiarupusu,"",72900
Yamanashi-ken,Hokuto,"",48543
Yamanashi-ken,Kai,"",74811
Yamanashi-ken,Fuefuki,"",71038
Yamanashi-ken,Uenohara,"",25166
Yamanashi-ken,Koshu,"",33731
Yamanashi-ken,Chuo,"",31172
"",Chuo,"",""
Nagano-ken,Nagano,"",384428
Nagano-ken,Matsumoto,"",242446
Nagano-ken,Ueda,"",160267
Nagano-ken,Okaya,"",51720
Nagano-ken,Iida,"",104792
Nagano-ken,Suwa,"",51162
Nagano-ken,Suzaka,"",51990
Nagano-ken,Komoro,"",43506
Nagano-ken,Ina,"",69858
Nagano-ken,Komagane,"",33553
Nagano-ken,Nakano,"",46088
Nagano-ken,Omachi,"",29238
Nagano-ken,Iiyama,"",22764
Nagano-ken,Chino,"",56346
Nagano-ken,Shiojiri,"",67666
Nagano-ken,Saku,"",99919
Nagano-ken,Chikuma,"",61861
Nagano-ken,Tomi,"",30936
Nagano-ken,Azumino,"",98630
"",Azumino,"",""
Gifu-ken,Gifu,"",415520
Gifu-ken,Ogaki,"",162847
Gifu-ken,Takayama,"",91571
Gifu-ken,Tajimi,"",114215
Gifu-ken,Seki,"",91494
Gifu-ken,Nakatsugawa,"",81613
Gifu-ken,Mino,"",22017
Gifu-ken,Mizunami,"",39334
Gifu-ken,Hashima,"",68695
Gifu-ken,Ena,"",53052
Gifu-ken,Minokamo,"",55433
Gifu-ken,Toki,"",60401
Gifu-ken,Kakamigahara,"",148486
Gifu-ken,Kani,"",100944
Gifu-ken,Yamagata,"",28798
Gifu-ken,Mizuho,"",53225
Gifu-ken,Hida,"",25903
Gifu-ken,Motosu,"",35405
Gifu-ken,Gujo,"",44499
Gifu-ken,Gero,"",34976
Gifu-ken,Kaizu,"",36905
"",Kaizu,"",""
Shizuoka-ken,Shizuoka,"",715752
Shizuoka-ken,Shizuoka,Aoi-ku,258380
Shizuoka-ken,Shizuoka,Suruga-ku,212354
Shizuoka-ken,Shizuoka,Shimizu-ku,245018
Shizuoka-ken,Hamamatsu,"",810317
Shizuoka-ken,Hamamatsu,Naka-ku,240396
Shizuoka-ken,Hamamatsu,Higashi-ku,129784
Shizuoka-ken,Hamamatsu,Nishi-ku,113428
Shizuoka-ken,Hamamatsu,Minami-ku,103530
Shizuoka-ken,Hamamatsu,Kita-ku,94604
Shizuoka-ken,Hamamatsu,Hamakita-ku,96613
Shizuoka-ken,Hamamatsu,Tenryu-ku,31962
Shizuoka-ken,Numazu,"",202612
Shizuoka-ken,Atami,"",38442
Shizuoka-ken,Mishima,"",111912
Shizuoka-ken,Fujinomiya,"",135034
Shizuoka-ken,Ito,"",72134
Shizuoka-ken,Shimada,"",100921
Shizuoka-ken,Fuji,"",257697
Shizuoka-ken,Iwata,"",170612
Shizuoka-ken,Yaizu,"",143008
Shizuoka-ken,Kakegawa,"",117681
Shizuoka-ken,Fujieda,"",146725
Shizuoka-ken,Gotemba,"",89231
Shizuoka-ken,Fukuroi,"",87163
Shizuoka-ken,Shimoda,"",23656
Shizuoka-ken,Susono,"",53275
Shizuoka-ken,Kosai,"",61195
Shizuoka-ken,Izu,"",32958
Shizuoka-ken,Omaezaki,"",34017
Shizuoka-ken,Kikugawa,"",47837
Shizuoka-ken,Izunokuni,"",49904
Shizuoka-ken,Makinohara,"",47754
"",Makinohara,"",""
Aichi-ken,Nagoya,"",2260440
Aichi-ken,Nagoya,Chikusa-ku,157597
Aichi-ken,Nagoya,Higashi-ku,74522
Aichi-ken,Nagoya,Kita-ku,163512
Aichi-ken,Nagoya,Nishi-ku,144932
Aichi-ken,Nagoya,Nakamura-ku,132452
Aichi-ken,Nagoya,Naka-ku,79754
Aichi-ken,Nagoya,Showa-ku,101160
Aichi-ken,Nagoya,Mizuho-ku,105061
Aichi-ken,Nagoya,Atsuta-ku,64599
Aichi-ken,Nagoya,Nakagawa-ku,219572
Aichi-ken,Nagoya,Minato-ku,148765
Aichi-ken,Nagoya,Minami-ku,138367
Aichi-ken,Nagoya,Moriyama-ku,171813
Aichi-ken,Nagoya,Midori-ku,241907
Aichi-ken,Nagoya,Meito-ku,160762
Aichi-ken,Nagoya,Tempaku-ku,155665
Aichi-ken,Toyohashi,"",378890
Aichi-ken,Okazaki,"",380537
Aichi-ken,Ichinomiya,"",386538
Aichi-ken,Seto,"",131380
Aichi-ken,Handa,"",118783
Aichi-ken,Kasugai,"",310495
Aichi-ken,Toyokawa,"",185111
Aichi-ken,Tsushima,"",64450
Aichi-ken,Hekinan,"",71739
Aichi-ken,Kariya,"",148669
Aichi-ken,Toyota,"",421701
Aichi-ken,Anjo,"",184892
Aichi-ken,Nishio,"",170159
Aichi-ken,Gamagori,"",81717
Aichi-ken,Inuyama,"",74780
Aichi-ken,Tokoname,"",57780
Aichi-ken,Konan,"",101204
Aichi-ken,Komaki,"",153744
Aichi-ken,Inazawa,"",138526
Aichi-ken,Shinshiro,"",49112
Aichi-ken,Tokai,"",112694
Aichi-ken,Obu,"",89049
Aichi-ken,Chita,"",85742
Aichi-ken,Chiryu,"",70555
Aichi-ken,Owariasahi,"",82359
Aichi-ken,Takahama,"",46295
Aichi-ken,Iwakura,"",47693
Aichi-ken,Toyoake,"",68530
Aichi-ken,Nissin,"",86962
Aichi-ken,Tahara,"",64721
Aichi-ken,Aisai,"",65237
Aichi-ken,Kiyosu,"",66707
Aichi-ken,Kitanagoya,"",83846
Aichi-ken,Yatomi,"",44481
Aichi-ken,Miyoshi,"",59748
Aichi-ken,Ama,"",88364
Aichi-ken,Nagakute,"",54480
"",Nagakute,"",""
Mie-ken,Tsu,"",284620
Mie-ken,Yokkaichi,"",312753
Mie-ken,Ise,"",130865
Mie-ken,Matsusaka,"",168682
Mie-ken,Kuwana,"",142808
Mie-ken,Suzuka,"",201035
Mie-ken,Nabari,"",81014
Mie-ken,Owase,"",19587
Mie-ken,Kameyama,"",50054
Mie-ken,Toba,"",20445
Mie-ken,Kumano,"",18340
Mie-ken,Inabe,"",46245
Mie-ken,Shima,"",53969
Mie-ken,Iga,"",95743
"",Iga,"",""
Shiga-ken,Otsu,"",342832
Shiga-ken,Hikone,"",112750
Shiga-ken,Nagahama,"",121818
Shiga-ken,Omihachiman,"",82498
Shiga-ken,Kusatsu,"",128843
Shiga-ken,Moriyama,"",80684
Shiga-ken,Ritto,"",67284
Shiga-ken,Koka,"",92836
Shiga-ken,Yasu,"",50867
Shiga-ken,Konan,"",54953
Shiga-ken,Takashima,"",51598
Shiga-ken,Higashiomi,"",115704
Shiga-ken,Maibara,"",40128
"",Maibara,"",""
Kyoto-fu,Kyoto,"",1419474
Kyoto-fu,Kyoto,Kita-ku,112006
Kyoto-fu,Kyoto,Kamigyo-ku,76947
Kyoto-fu,Kyoto,Sakyo-ku,156069
Kyoto-fu,Kyoto,Nakagyo-ku,104345
Kyoto-fu,Kyoto,Higashiyama-ku,37183
Kyoto-fu,Kyoto,Shimogyo-ku,76814
Kyoto-fu,Kyoto,Minami-ku,98433
Kyoto-fu,Kyoto,Ukyo-ku,195921
Kyoto-fu,Kyoto,Fushimi-ku,278230
Kyoto-fu,Kyoto,Yamashina-ku,131699
Kyoto-fu,Kyoto,Nishikyo-ku,151827
Kyoto-fu,Fukuchiyama,"",80682
Kyoto-fu,Maizuru,"",86996
Kyoto-fu,Ayabe,"",35419
Kyoto-fu,Uji,"",190856
Kyoto-fu,Miyazu,"",19452
Kyoto-fu,Kameoka,"",91548
Kyoto-fu,Joyo,"",78560
Kyoto-fu,Muko,"",54340
Kyoto-fu,Nagaokakyo,"",80222
Kyoto-fu,Yawata,"",73038
Kyoto-fu,Kyotanabe,"",66697
Kyoto-fu,Kyotango,"",58514
Kyoto-fu,Nantan,"",33418
Kyoto-fu,Kizugawa,"",73095
"",Kizugawa,"",""
Osaka-fu,Osaka,"",2670766
Osaka-fu,Osaka,Miyakojima-ku,102667
Osaka-fu,Osaka,Fukushima-ku,70410
Osaka-fu,Osaka,Konohana-ku,67821
Osaka-fu,Osaka,Nishi-ku,88140
Osaka-fu,Osaka,Minato-ku,82696
Osaka-fu,Osaka,Taisho-ku,67941
Osaka-fu,Osaka,Tennoji-ku,72229
Osaka-fu,Osaka,Naniwa-ku,62281
Osaka-fu,Osaka,Nishiyodogawa-ku,97224
Osaka-fu,Osaka,Higashiyodogawa-ku,171422
Osaka-fu,Osaka,Higashinari-ku,80817
Osaka-fu,Osaka,Ikuno-ku,128523
Osaka-fu,Osaka,Asahi-ku,91407
Osaka-fu,Osaka,Joto-ku,167214
Osaka-fu,Osaka,Abeno-ku,107407
Osaka-fu,Osaka,Sumiyoshi-ku,153907
Osaka-fu,Osaka,Higashisumiyoshi-ku,130951
Osaka-fu,Osaka,Nishinari-ku,110413
Osaka-fu,Osaka,Yodogawa-ku,172081
Osaka-fu,Osaka,Tsurumi-ku,112630
Osaka-fu,Osaka,Suminoe-ku,125063
Osaka-fu,Osaka,Hirano-ku,200797
Osaka-fu,Osaka,Kita-ku,114894
Osaka-fu,Osaka,Chuo-ku,91831
Osaka-fu,Sakai,"",847719
Osaka-fu,Sakai,Sakai-ku,146366
Osaka-fu,Sakai,Naka-ku,125225
Osaka-fu,Sakai,Higashi-ku,87279
Osaka-fu,Sakai,Nishi-ku,138480
Osaka-fu,Sakai,Minami-ku,151991
Osaka-fu,Sakai,Kita-ku,158578
Osaka-fu,Sakai,Mihara-ku,39800
Osaka-fu,Kishiwada,"",200148
Osaka-fu,Toyonaka,"",401007
Osaka-fu,Ikeda,"",102625
Osaka-fu,Suita,"",362845
Osaka-fu,Izumiotsu,"",76263
Osaka-fu,Takatsuki,"",355515
Osaka-fu,Kaizuka,"",89876
Osaka-fu,Moriguchi,"",145037
Osaka-fu,Hirakata,"",407528
Osaka-fu,Ibaraki,"",278782
Osaka-fu,Yao,"",269594
Osaka-fu,Izumisano,"",101343
Osaka-fu,Tondabayashi,"",115931
Osaka-fu,Neyagawa,"",240653
Osaka-fu,Kawachinagano,"",110975
Osaka-fu,Matsubara,"",122910
Osaka-fu,Daito,"",124150
Osaka-fu,Izumi,"",187434
Osaka-fu,Minoh,"",135153
Osaka-fu,Kashiwara,"",72116
Osaka-fu,Habikino,"",115127
Osaka-fu,Kadoma,"",126603
Osaka-fu,Settsu,"",85275
Osaka-fu,Takaishi,"",58315
Osaka-fu,Fujiidera,"",66542
Osaka-fu,Higashiosaka,"",498814
Osaka-fu,Sennan,"",63953
Osaka-fu,Shijonawate,"",56569
Osaka-fu,Katano,"",78055
Osaka-fu,Osakasayama,"",57793
Osaka-fu,Hannan,"",56975
"",Hannan,"",""
Hyogo-ken,Kobe,"",1550831
Hyogo-ken,Kobe,Higashinada-ku,213281
Hyogo-ken,Kobe,Nada-ku,132560
Hyogo-ken,Kobe,Hyogo-ku,108923
Hyogo-ken,Kobe,Nagata-ku,101632
Hyogo-ken,Kobe,Suma-ku,166348
Hyogo-ken,Kobe,Tarumi-ku,224729
Hyogo-ken,Kobe,Kita-ku,225677
Hyogo-ken,Kobe,Chuo-ku,129102
Hyogo-ken,Kobe,Nishi-ku,248579
Hyogo-ken,Himeji,"",543083
Hyogo-ken,Amagasaki,"",465236
Hyogo-ken,Akashi,"",297547
Hyogo-ken,Nishinomiya,"",483455
Hyogo-ken,Sumoto,"",46524
Hyogo-ken,Ashiya,"",97096
Hyogo-ken,Itami,"",201912
Hyogo-ken,Aioi,"",30660
Hyogo-ken,Toyooka,"",85749
Hyogo-ken,Kakogawa,"",270589
Hyogo-ken,Nishiwaki,"",42520
Hyogo-ken,Takarazuka,"",234003
Hyogo-ken,Miki,"",79763
Hyogo-ken,Takasago,"",93769
Hyogo-ken,Kawanishi,"",160676
Hyogo-ken,Ono,"",49707
Hyogo-ken,Sanda,"",114628
Hyogo-ken,Kasai,"",45842
Hyogo-ken,Sasayama,"",43364
Hyogo-ken,Yabu,"",25566
Hyogo-ken,Tamba,"",67551
Hyogo-ken,Minamiawaji,"",49847
Hyogo-ken,Asago,"",32274
Hyogo-ken,Awaji,"",46386
Hyogo-ken,Shiso,"",40744
Hyogo-ken,Kato,"",39814
Hyogo-ken,Tatsuno,"",79344
"",Tatsuno,"",""
Nara-ken,Nara,"",363756
Nara-ken,Yamatotakada,"",68139
Nara-ken,Yamatokoriyama,"",88732
Nara-ken,Tenri,"",67505
Nara-ken,Kashihara,"",124779
Nara-ken,Sakurai,"",59424
Nara-ken,Gojo,"",33110
Nara-ken,Gose,"",27979
Nara-ken,Ikoma,"",121013
Nara-ken,Kashiba,"",78297
Nara-ken,Katsuragi,"",37059
Nara-ken,Uda,"",32983
"",Uda,"",""
Wakayama-ken,Wakayama,"",377208
Wakayama-ken,Kainan,"",54100
Wakayama-ken,Hashimoto,"",65664
Wakayama-ken,Arida,"",30215
Wakayama-ken,Gobo,"",24980
Wakayama-ken,Tanabe,"",78661
Wakayama-ken,Shingu,"",30929
Wakayama-ken,Kinokawa,"",65982
Wakayama-ken,Iwade,"",53677
"",Iwade,"",""
Tottori-ken,Tottori,"",193064
Tottori-ken,Yonago,"",149857
Tottori-ken,Kurayoshi,"",49277
Tottori-ken,Sakaiminato,"",35699
"",Sakaiminato,"",""
Shimane-ken,Matsue,"",205725
Shimane-ken,Hamada,"",57504
Shimane-ken,Izumo,"",174731
Shimane-ken,Masuda,"",49281
Shimane-ken,Oda,"",37257
Shimane-ken,Yasugi,"",40786
Shimane-ken,Gotsu,"",25044
Shimane-ken,Unnan,"",40962
"",Unnan,"",""
Okayama-ken,Okayama,"",706027
Okayama-ken,Okayama,Kita-ku,293160
Okayama-ken,Okayama,Naka-ku,145029
Okayama-ken,Okayama,Higashi-ku,97248
Okayama-ken,Okayama,Minami-ku,170590
Okayama-ken,Kurashiki,"",483722
Okayama-ken,Tsuyama,"",104717
Okayama-ken,Tamano,"",62863
Okayama-ken,Kasaoka,"",51907
Okayama-ken,Ibara,"",42787
Okayama-ken,Soja,"",67867
Okayama-ken,Takahashi,"",32948
Okayama-ken,Niimi,"",31991
Okayama-ken,Bizen,"",37050
Okayama-ken,Setouchi,"",38524
Okayama-ken,Akaiwa,"",44827
Okayama-ken,Maniwa,"",48544
Okayama-ken,Mimasaka,"",29813
Okayama-ken,Asakuchi,"",35688
"",Asakuchi,"",""
Hiroshima-ken,Hiroshima,"",1188398
Hiroshima-ken,Hiroshima,Naka-ku,129158
Hiroshima-ken,Hiroshima,Higashi-ku,121365
Hiroshima-ken,Hiroshima,Minami-ku,140902
Hiroshima-ken,Hiroshima,Nishi-ku,188507
Hiroshima-ken,Hiroshima,Asaminami-ku,239695
Hiroshima-ken,Hiroshima,Asakita-ku,150355
Hiroshima-ken,Hiroshima,Aki-ku,80789
Hiroshima-ken,Hiroshima,Saeki-ku,137627
Hiroshima-ken,Kure,"",235624
Hiroshima-ken,Takehara,"",27783
Hiroshima-ken,Mihara,"",98731
Hiroshima-ken,Onomichi,"",143516
Hiroshima-ken,Fukuyama,"",472354
Hiroshima-ken,Fuchu,"",41747
Hiroshima-ken,Miyoshi,"",55302
Hiroshima-ken,Shobara,"",38277
Hiroshima-ken,Otake,"",28266
Hiroshima-ken,Higashihiroshima,"",184599
Hiroshima-ken,Hatsukaichi,"",117312
Hiroshima-ken,Akitakata,"",30546
Hiroshima-ken,Etajima,"",25515
"",Etajima,"",""
Yamaguchi-ken,Shimonoseki,"",275242
Yamaguchi-ken,Ube,"",170552
Yamaguchi-ken,Yamaguchi,"",194875
Yamaguchi-ken,Hagi,"",51587
Yamaguchi-ken,Hofu,"",118110
Yamaguchi-ken,Kudamatsu,"",56280
Yamaguchi-ken,Iwakuni,"",141651
Yamaguchi-ken,Hikari,"",53050
Yamaguchi-ken,Nagato,"",36786
Yamaguchi-ken,Yanai,"",33840
Yamaguchi-ken,Mine,"",26584
Yamaguchi-ken,Shunan,"",148470
Yamaguchi-ken,Sanyoonoda,"",64598
"",Sanyoonoda,"",""
Tokushima-ken,Tokushima,"",257104
Tokushima-ken,Naruto,"",60784
Tokushima-ken,Komatsushima,"",40104
Tokushima-ken,Anan,"",76219
Tokushima-ken,Yoshinogawa,"",43504
Tokushima-ken,Awa,"",39777
Tokushima-ken,Mima,"",31321
Tokushima-ken,Miyoshi,"",28975
"",Miyoshi,"",""
Kagawa-ken,Takamatsu,"",429276
Kagawa-ken,Marugame,"",113481
Kagawa-ken,Sakaide,"",55267
Kagawa-ken,Zentsuji,"",32975
Kagawa-ken,Kanonji,"",62601
Kagawa-ken,Sanuki,"",51526
Kagawa-ken,Higashikagawa,"",33010
Kagawa-ken,Mitoyo,"",68765
"",Mitoyo,"",""
Ehime-ken,Matsuyama,"",517462
Ehime-ken,Imabari,"",166059
Ehime-ken,Uwajima,"",81730
Ehime-ken,Yawatahama,"",36710
Ehime-ken,Niihama,"",123330
Ehime-ken,Saijo,"",112959
Ehime-ken,Ozu,"",46311
Ehime-ken,Iyo,"",38544
Ehime-ken,Shikokuchuo,"",90977
Ehime-ken,Seiyo,"",41119
Ehime-ken,Toon,"",34150
"",Toon,"",""
Kochi-ken,Kochi,"",337412
Kochi-ken,Muroto,"",14917
Kochi-ken,Aki,"",18655
Kochi-ken,Nankoku,"",48471
Kochi-ken,Tosa,"",28331
Kochi-ken,Susaki,"",23488
Kochi-ken,Sukumo,"",21899
Kochi-ken,Tosashimizu,"",15136
Kochi-ken,Shimanto,"",35401
Kochi-ken,Konan,"",34161
Kochi-ken,Kami,"",27171
"",Kami,"",""
Fukuoka-ken,Kitakyushu,"",976925
Fukuoka-ken,Kitakyushu,Moji-ku,103712
Fukuoka-ken,Kitakyushu,Wakamatsu-ku,85579
Fukuoka-ken,Kitakyushu,Tobata-ku,59423
Fukuoka-ken,Kitakyushu,Kokurakita-ku,181681
Fukuoka-ken,Kitakyushu,Kokuraminami-ku,215867
Fukuoka-ken,Kitakyushu,Yahatahigashi-ku,70565
Fukuoka-ken,Kitakyushu,Yahatanishi-ku,260098
Fukuoka-ken,Fukuoka,"",1486314
Fukuoka-ken,Fukuoka,Higashi-ku,297757
Fukuoka-ken,Fukuoka,Hakata-ku,215202
Fukuoka-ken,Fukuoka,Chuo-ku,179218
Fukuoka-ken,Fukuoka,Minami-ku,253692
Fukuoka-ken,Fukuoka,Nishi-ku,201376
Fukuoka-ken,Fukuoka,Jonan-ku,123487
Fukuoka-ken,Fukuoka,Sawara-ku,215582
Fukuoka-ken,Omuta,"",120921
Fukuoka-ken,Kurume,"",306173
Fukuoka-ken,Nogata,"",58061
Fukuoka-ken,Iizuka,"",131209
Fukuoka-ken,Tagawa,"",49830
Fukuoka-ken,Yanagawa,"",69570
Fukuoka-ken,Yame,"",67245
Fukuoka-ken,Chikugo,"",49146
Fukuoka-ken,Okawa,"",36177
Fukuoka-ken,Yukuhashi,"",72840
Fukuoka-ken,Buzen,"",26912
Fukuoka-ken,Nakama,"",43685
Fukuoka-ken,Ogori,"",59507
Fukuoka-ken,Chikushino,"",102421
Fukuoka-ken,Kasuga,"",112372
Fukuoka-ken,Onojo,"",99352
Fukuoka-ken,Munakata,"",96806
Fukuoka-ken,Dazaifu,"",71586
Fukuoka-ken,Koga,"",58370
Fukuoka-ken,Fukutsu,"",59091
Fukuoka-ken,Ukiha,"",31389
Fukuoka-ken,Miyawaka,"",29234
Fukuoka-ken,Kama,"",41302
Fukuoka-ken,Asakura,"",56115
Fukuoka-ken,Miyama,"",39561
Fukuoka-ken,Itoshima,"",100139
"",Itoshima,"",""
Saga-ken,Saga,"",235845
Saga-ken,Karatsu,"",127536
Saga-ken,Tosu,"",72032
Saga-ken,Taku,"",20519
Saga-ken,Imari,"",56934
Saga-ken,Takeo,"",50359
Saga-ken,Kashima,"",30829
Saga-ken,Ogi,"",46003
Saga-ken,Ureshino,"",27703
Saga-ken,Kanzaki,"",32569
"",Kanzaki,"",""
Nagasaki-ken,Nagasaki,"",436576
Nagasaki-ken,Sasebo,"",260110
Nagasaki-ken,Shimabara,"",47409
Nagasaki-ken,Isahaya,"",140569
Nagasaki-ken,Omura,"",94344
Nagasaki-ken,Hirado,"",33822
Nagasaki-ken,Matsuura,"",24413
Nagasaki-ken,Tsushima,"",33000
Nagasaki-ken,Iki,"",28493
Nagasaki-ken,Goto,"",39614
Nagasaki-ken,Saikai,"",29942
Nagasaki-ken,Unzen,"",46437
Nagasaki-ken,Minamishimabara,"",49625
"",Minamishimabara,"",""
Kumamoto-ken,Kumamoto,"",734917
Kumamoto-ken,Kumamoto,Chuo-ku,176106
Kumamoto-ken,Kumamoto,Higashi-ku,191467
Kumamoto-ken,Kumamoto,Nishi-ku,93308
Kumamoto-ken,Kumamoto,Minami-ku,127857
Kumamoto-ken,Kumamoto,Kita-ku,146179
Kumamoto-ken,Yatsushiro,"",131490
Kumamoto-ken,Hitoyoshi,"",34394
Kumamoto-ken,Arao,"",54824
Kumamoto-ken,Minamata,"",26392
Kumamoto-ken,Tamana,"",68517
Kumamoto-ken,Yamaga,"",54860
Kumamoto-ken,Kikuchi,"",50462
Kumamoto-ken,Uto,"",38071
Kumamoto-ken,Kamiamakusa,"",29746
Kumamoto-ken,Uki,"",61452
Kumamoto-ken,Aso,"",27865
Kumamoto-ken,Amakusa,"",87125
Kumamoto-ken,Koshi,"",58873
"",Koshi,"",""
Oita-ken,Oita,"",478792
Oita-ken,Beppu,"",121100
Oita-ken,Nakatsu,"",85378
Oita-ken,Hita,"",69444
Oita-ken,Saiki,"",76066
Oita-ken,Usuki,"",41017
Oita-ken,Tsukumi,"",19298
Oita-ken,Taketa,"",23851
Oita-ken,Bungotakada,"",23555
Oita-ken,Kitsuki,"",30966
Oita-ken,Usa,"",58879
Oita-ken,Bungoono,"",38643
Oita-ken,Yufu,"",35594
Oita-ken,Kunisaki,"",30413
"",Kunisaki,"",""
Miyazaki-ken,Miyazaki,"",405750
Miyazaki-ken,Miyakonojo,"",169461
Miyazaki-ken,Nobeoka,"",129455
Miyazaki-ken,Nichinan,"",56633
Miyazaki-ken,Kobayashi,"",48088
Miyazaki-ken,Hyuga,"",63347
Miyazaki-ken,Kushima,"",20060
Miyazaki-ken,Saito,"",32058
Miyazaki-ken,Ebino,"",21031
"",Ebino,"",""
Kagoshima-ken,Kagoshima,"",608240
Kagoshima-ken,Kanoya,"",105313
Kagoshima-ken,Makurazaki,"",23006
Kagoshima-ken,Akune,"",22254
Kagoshima-ken,Izumi,"",55432
Kagoshima-ken,Ibusuki,"",43406
Kagoshima-ken,Nishinoomote,"",16417
Kagoshima-ken,Tarumizu,"",16398
Kagoshima-ken,Satsumasendai,"",98347
Kagoshima-ken,Hioki,"",50553
Kagoshima-ken,Soo,"",38963
Kagoshima-ken,Kirishima,"",127671
Kagoshima-ken,Ichikikushikino,"",29836
Kagoshima-ken,Minamisatsuma,"",36782
Kagoshima-ken,Shibushi,"",33096
Kagoshima-ken,Amami,"",45263
Kagoshima-ken,Minamikyushu,"",37825
Kagoshima-ken,Isa,"",28177
Kagoshima-ken,Aira,"",76235
"",Aira,"",""
Okinawa-ken,Naha,"",323184
Okinawa-ken,Ginowan,"",96663
Okinawa-ken,Ishigaki,"",48927
Okinawa-ken,Urasoe,"",114245
Okinawa-ken,Nago,"",62081
Okinawa-ken,Itoman,"",60128
Okinawa-ken,Okinawa,"",139181
Okinawa-ken,Tomigusuku,"",61658
Okinawa-ken,Uruma,"",121521
Okinawa-ken,Miyakojima,"",54706
Okinawa-ken,Nanjo,"",42178
